الرمز,درجة السلامة,القيمة العادلة,الاسم والقطاع (للقراءة فقط — لا يُستورد)
4020,,,العقارية · إدارة وتطوير العقارات
4090,,,طيبة · إدارة وتطوير العقارات
4100,,,مكة · إدارة وتطوير العقارات
4150,,,التعمير · إدارة وتطوير العقارات
4220,,,إعمار · إدارة وتطوير العقارات
4230,,,البحر الأحمر · إدارة وتطوير العقارات
4250,,,جبل عمر · إدارة وتطوير العقارات
4300,,,دار الأركان · إدارة وتطوير العقارات
4310,,,مدينة المعرفة · إدارة وتطوير العقارات
4320,,,الأندلس · إدارة وتطوير العقارات
4321,,,سينومي سنترز · إدارة وتطوير العقارات
4322,,,رتال · إدارة وتطوير العقارات
4323,,,سمو · إدارة وتطوير العقارات
4324,,,بنان · إدارة وتطوير العقارات
4325,,,مسار · إدارة وتطوير العقارات
4326,,,الماجدية  · إدارة وتطوير العقارات
4327,,,الرمز · إدارة وتطوير العقارات
4328,,,لدن للاستثمار · إدارة وتطوير العقارات
1212,,,أسترا الصناعية · السلع الرأسمالية
1214,,,شاكر · السلع الرأسمالية
1302,,,بوان · السلع الرأسمالية
1303,,,الصناعات الكهربائية · السلع الرأسمالية
1321,,,أنابيب الشرق · السلع الرأسمالية
1323,,,يو سي آي سي · السلع الرأسمالية
2040,,,الخزف السعودي · السلع الرأسمالية
2110,,,الكابلات السعودية · السلع الرأسمالية
2120,,,متطورة · السلع الرأسمالية
2160,,,أميانتيت · السلع الرأسمالية
2288,,,نفوذ · السلع الرأسمالية
2320,,,البابطين · السلع الرأسمالية
2370,,,مسك · السلع الرأسمالية
4110,,,باتك · السلع الرأسمالية
4140,,,صادرات · السلع الرأسمالية
4141,,,العمران · السلع الرأسمالية
4142,,,كابلات الرياض · السلع الرأسمالية
4144,,,رؤوم · السلع الرأسمالية
4145,,,أو جي سي · السلع الرأسمالية
4146,,,جاز · السلع الرأسمالية
4147,,,سي جي إس · السلع الرأسمالية
4148,,,الوسائل الصناعية · السلع الرأسمالية
4270,,,طباعة وتغليف · السلع الرأسمالية
6017,,,جاهز · التطبيقات وخدمات التقنية
7200,,,ام آي اس · التطبيقات وخدمات التقنية
7201,,,بحر العرب · التطبيقات وخدمات التقنية
7202,,,سلوشنز · التطبيقات وخدمات التقنية
7203,,,علم · التطبيقات وخدمات التقنية
7204,,,توبي · التطبيقات وخدمات التقنية
7205,,,دي بي اس · التطبيقات وخدمات التقنية
7211,,,عزم · التطبيقات وخدمات التقنية
8313,,,رسن · التطبيقات وخدمات التقنية
1810,,,سيرا · الخدمات الاستهلاكية
1820,,,بان · الخدمات الاستهلاكية
1830,,,لجام للرياضة · الخدمات الاستهلاكية
4170,,,شمس · الخدمات الاستهلاكية
4290,,,الخليج للتدريب · الخدمات الاستهلاكية
4291,,,الوطنية للتعليم · الخدمات الاستهلاكية
4292,,,عطاء · الخدمات الاستهلاكية
6019,,,المسار الشامل · الخدمات الاستهلاكية
6022,,,أرماح الرياضية · الخدمات الاستهلاكية
2030,,,المصافي · الطاقة
2222,,,أرامكو السعودية · الطاقة
2380,,,بترو رابغ · الطاقة
2381,,,الحفر العربية · الطاقة
2382,,,أديس · الطاقة
4050,,,ساسكو · الطاقة
4200,,,الدريس · الطاقة
8010,,,التعاونية · التأمين
8012,,,جزيرة تكافل · التأمين
8020,,,ملاذ للتأمين · التأمين
8030,,,ميدغلف للتأمين · التأمين
8040,,,متكاملة · التأمين
8050,,,سلامة · التأمين
8060,,,ولاء · التأمين
8070,,,الدرع العربي · التأمين
8100,,,سايكو · التأمين
8120,,,إتحاد الخليج الأهلية · التأمين
8150,,,أسيج · التأمين
8160,,,التأمين العربية · التأمين
8170,,,الاتحاد · التأمين
8180,,,الصقر للتأمين · التأمين
8190,,,المتحدة للتأمين · التأمين
8200,,,الإعادة السعودية · التأمين
8210,,,بوبا العربية · التأمين
8230,,,تكافل الراجحي · التأمين
8240,,,تْشب · التأمين
8250,,,جي آي جي · التأمين
8260,,,الخليجية العامة · التأمين
8280,,,ليفا · التأمين
8300,,,الوطنية · التأمين
8310,,,أمانة للتأمين · التأمين
8311,,,عناية · التأمين
